0,-10.32,-10.24
0.001,-10.32,-10.24
0.002,-10.32,-10.24
0.003,-10.32,-10.24
0.004,-10.32,-10.24
0.005,-10.32,-10.24
0.006,-10.32,-10.24
0.007,-10.32,-10.24
0.008,-10.32,-10.24
0.009,-10.32,-10.24
0.01,-10.32,-10.24
0.011,-10.32,-10.24
0.012,-10.32,-10.24
0.013,-10.32,-10.24
0.014,-10.32,-10.24
0.015,-10.32,-10.24
0.016,-10.32,-10.24
0.017,-10.32,-10.24
0.018,-10.32,-10.24
0.019,-10.32,-10.24
0.02,-10.32,-10.24
0.021,-10.32,-10.24
0.022,-10.32,-10.24
0.023,-10.32,-10.24
0.024,-10.32,-10.24
0.025,-10.32,-10.24
0.026,-10.32,-10.24
0.027,-10.32,-10.24
0.028,-10.32,-10.24
0.029,-10.32,-10.24
0.03,-10.32,-10.24
0.031,-10.32,-10.24
0.032,-10.32,-10.24
0.033,-10.32,-10.24
0.034,-10.32,-10.24
0.035,-10.32,-10.24
0.036,-10.32,-10.24
0.037,-10.32,-10.24
0.038,-10.32,-10.24
0.039,-10.32,-10.24
0.04,-10.32,-10.24
0.041,-10.32,-10.24
0.042,-10.32,-10.24
0.043,-10.32,-10.24
0.044,-10.32,-10.24
0.045,-10.32,-10.24
0.046,-10.32,-10.24
0.047,-10.32,-10.24
0.048,-10.32,-10.24
0.049,-10.32,-10.24
0.05,-10.32,-10.24
0.051,-10.32,-10.24
0.052,-10.32,-10.24
0.053,-10.32,-10.24
0.054,-10.32,-10.24
0.055,-10.32,-10.24
0.056,-10.32,-10.24
0.057,-10.32,-10.24
0.058,-10.32,-10.24
0.059,-10.32,-10.24
0.06,-10.32,-10.24
0.061,-10.32,-10.24
0.062,-10.32,-10.24
0.063,-10.32,-10.24
0.064,-10.32,-10.24
0.065,-10.32,-10.24
0.066,-10.32,-10.24
0.067,-10.32,-10.24
0.068,-10.32,-10.24
0.069,-10.32,-10.24
0.07,-10.32,-10.24
0.071,-10.32,-10.24
0.072,-10.32,-10.24
0.073,-10.32,-10.24
0.074,-10.32,-10.24
0.075,-10.32,-10.24
0.076,-10.32,-10.24
0.077,-10.32,-10.24
0.078,-10.32,-10.24
0.079,-10.32,-10.24
0.08,-10.32,-10.24
0.081,-10.32,-10.24
0.082,-10.32,-10.24
0.083,-10.32,-10.24
0.084,-10.32,-10.24
0.085,-10.32,-10.24
0.086,-10.32,-10.24
0.087,-10.32,-10.24
0.088,-10.32,-10.24
0.089,-10.32,-10.24
0.09,-10.32,-10.24
0.091,-10.32,-10.24
0.092,-10.32,-10.24
0.093,-10.32,-10.24
0.094,-10.32,-10.24
0.095,-10.32,-10.24
0.096,-10.32,-10.24
0.097,-10.32,-10.24
0.098,-10.32,-10.24
0.099,-10.32,-10.24
0.1,-10.32,-10.24
0.101,-10.32,-10.24
0.102,-10.32,-10.24
0.103,-10.32,-10.24
0.104,-10.32,-10.24
0.105,-10.32,-10.24
0.106,-10.32,-10.24
0.107,-10.32,-10.24
0.108,-10.32,-10.24
0.109,-10.32,-10.24
0.11,-10.32,-10.24
0.111,-10.32,-10.24
0.112,-10.32,-10.24
0.113,-10.32,-10.24
0.114,-10.32,-10.24
0.115,-10.32,-10.24
0.116,-10.32,-10.24
0.117,-10.32,-10.24
0.118,-10.32,-10.24
0.119,-10.32,-10.24
0.12,-10.32,-10.24
0.121,-10.32,-10.24
0.122,-10.32,-10.24
0.123,-10.32,-10.24
0.124,-10.32,-10.24
0.125,-10.32,-10.24
0.126,-10.32,-10.24
0.127,-10.32,-10.24
0.128,-10.32,-10.24
0.129,-10.32,-10.24
0.13,-10.32,-10.24
0.131,-10.32,-10.24
0.132,-10.32,-10.24
0.133,-10.32,-10.24
0.134,-10.32,-10.24
0.135,-10.32,-10.24
0.136,-10.32,-10.24
0.137,-10.32,-10.24
0.138,-10.32,-10.24
0.139,-10.32,-10.24
0.14,-10.32,-10.24
0.141,-10.32,-10.24
0.142,5.44,5.44
0.143,5.44,5.44
0.144,5.52,5.44
0.145,5.44,5.44
0.146,5.44,5.44
0.147,5.52,5.44
0.148,5.44,5.44
0.149,5.44,5.44
0.15,5.44,5.44
0.151,5.52,5.44
0.152,5.52,5.44
0.153,5.44,5.44
0.154,5.44,5.44
0.155,5.44,5.44
0.156,5.52,5.44
0.157,5.44,5.44
0.158,5.44,5.52
0.159,5.44,5.44
0.16,5.52,5.44
0.161,5.44,5.44
0.162,5.52,5.44
0.163,5.44,5.44
0.164,5.52,5.36
0.165,5.52,5.44
0.166,5.52,5.44
0.167,5.44,5.44
0.168,5.44,5.44
0.169,5.52,5.44
0.17,5.52,5.44
0.171,5.52,5.44
0.172,5.52,5.44
0.173,5.52,5.44
0.174,5.44,5.52
0.175,5.52,5.44
0.176,5.44,5.44
0.177,5.52,5.52
0.178,5.44,5.44
0.179,5.52,5.44
0.18,5.44,5.44
0.181,5.52,5.44
0.182,5.44,5.36
0.183,5.44,5.36
0.184,5.52,5.36
0.185,5.44,5.44
0.186,5.44,5.52
0.187,5.44,5.44
0.188,5.44,5.52
0.189,5.52,5.36
0.19,5.52,5.36
0.191,5.52,5.44
0.192,5.44,5.44
0.193,5.52,5.44
0.194,5.44,5.36
0.195,5.52,5.36
0.196,5.44,5.44
0.197,5.44,5.52
0.198,5.44,5.36
0.199,5.52,5.52
0.2,5.44,5.44
0.201,5.44,5.44
0.202,5.44,5.52
0.203,5.52,5.52
0.204,5.52,5.44
0.205,5.52,5.36
0.206,5.44,5.44
0.207,5.52,5.52
0.208,5.52,5.44
0.209,5.44,5.44
0.21,5.44,5.52
0.211,5.44,5.44
0.212,5.44,5.52
0.213,5.52,5.52
0.214,5.52,5.44
0.215,5.44,5.44
0.216,5.52,5.52
0.217,5.52,5.44
0.218,5.52,5.44
0.219,5.44,5.52
0.22,5.44,5.52
0.221,5.52,5.52
0.222,5.44,5.44
0.223,5.52,5.44
0.224,5.52,5.44
0.225,5.52,5.52
0.226,5.52,5.44
0.227,5.52,5.36
0.228,5.44,5.44
0.229,5.44,5.36
0.23,5.44,5.52
0.231,5.44,5.44
0.232,5.44,5.52
0.233,5.52,5.44
0.234,5.52,5.44
0.235,5.52,5.52
0.236,5.44,5.44
0.237,5.44,5.44
0.238,5.52,5.44
0.239,5.44,5.52
0.24,5.44,5.44
0.241,5.44,5.44
0.242,5.52,5.52
0.243,5.44,5.36
0.244,5.52,5.44
0.245,5.44,5.44
0.246,5.44,5.44
0.247,5.44,5.44
0.248,5.44,5.36
0.249,5.44,5.44
0.25,5.44,5.44
0.251,5.44,5.44
0.252,5.52,5.44
0.253,5.52,5.44
0.254,5.44,5.52
0.255,5.44,5.52
0.256,5.52,5.44
0.257,5.52,5.44
0.258,5.52,5.44
0.259,5.44,5.36
0.26,5.44,5.44
0.261,5.52,5.44
0.262,5.44,5.44
0.263,5.44,5.44
0.264,5.52,5.36
0.265,5.44,5.36
0.266,5.44,5.36
0.267,5.44,5.44
0.268,5.44,5.36
0.269,5.44,5.36
0.27,5.44,5.44
0.271,5.44,5.44
0.272,5.44,5.44
0.273,5.44,5.44
0.274,5.44,5.44
0.275,5.44,5.52
0.276,5.44,5.44
0.277,5.44,5.44
0.278,5.44,5.52
0.279,5.44,5.44
0.28,5.52,5.44
0.281,5.52,5.44
0.282,5.52,5.52
0.283,5.44,5.44
0.284,5.52,5.52
0.285,5.44,5.44
0.286,5.52,5.44
0.287,5.44,5.52
0.288,5.52,5.44
0.289,5.52,5.44
0.29,5.44,5.44
0.291,5.44,5.44
0.292,5.44,5.44
0.293,5.44,5.44
0.294,5.44,5.36
0.295,5.44,5.36
0.296,5.44,5.44
0.297,5.44,5.44
0.298,5.44,5.44
0.299,5.44,5.44
0.3,5.44,5.44
0.301,5.52,5.44
0.302,5.44,5.44
0.303,5.44,5.44
0.304,5.44,5.44
0.305,5.44,5.36
0.306,5.44,5.36
0.307,5.52,5.36
0.308,5.44,5.52
0.309,5.52,5.44
0.31,5.52,5.44
0.311,5.44,5.44
0.312,5.52,5.44
0.313,5.52,5.44
0.314,5.52,5.36
0.315,5.44,5.44
0.316,5.52,5.44
0.317,5.52,5.36
0.318,5.52,5.36
0.319,5.52,5.36
0.32,5.44,5.52
0.321,5.44,5.44
0.322,5.44,5.44
0.323,5.44,5.44
0.324,5.52,5.44
0.325,5.44,5.36
0.326,5.44,5.36
0.327,5.36,5.36
0.328,5.44,5.36
0.329,5.44,5.44
0.33,5.52,5.36
0.331,5.44,5.44
0.332,5.44,5.44
0.333,5.44,5.44
0.334,5.44,5.36
0.335,5.52,5.44
0.336,5.44,5.36
0.337,5.44,5.44
0.338,5.44,5.44
0.339,5.44,5.44
0.34,5.44,5.44
0.341,5.52,5.44
0.342,5.44,5.44
0.343,5.44,5.44
0.344,5.44,5.44
0.345,5.44,5.52
0.346,5.44,5.44
0.347,5.44,5.44
0.348,5.52,5.44
0.349,5.44,5.44
0.35,5.44,5.44
0.351,5.52,5.44
0.352,5.44,5.44
0.353,5.44,5.44
0.354,5.52,5.44
0.355,5.44,5.36
0.356,5.44,5.44
0.357,5.44,5.36
0.358,5.44,5.36
0.359,5.44,5.36
0.36,5.44,5.44
0.361,5.44,5.44
0.362,5.44,5.44
0.363,5.52,5.44
0.364,5.52,5.44
0.365,5.44,5.44
0.366,5.44,5.44
0.367,5.52,5.44
0.368,5.52,5.44
0.369,5.44,5.36
0.37,5.44,5.44
0.371,5.44,5.44
0.372,5.44,5.36
0.373,5.52,5.44
0.374,5.44,5.44
0.375,5.44,5.44
0.376,5.52,5.52
0.377,5.44,5.44
0.378,5.44,5.44
0.379,5.44,5.44
0.38,5.52,5.44
0.381,5.44,5.44
0.382,5.52,5.44
0.383,5.44,5.44
0.384,5.44,5.44
0.385,5.52,5.44
0.386,5.44,5.44
0.387,5.44,5.36
0.388,5.52,5.44
0.389,5.44,5.44
0.39,5.44,5.44
0.391,5.52,5.44
0.392,5.44,5.44
0.393,5.44,5.36
0.394,5.44,5.44
0.395,5.44,5.44
0.396,5.44,5.44
0.397,5.44,5.52
0.398,5.52,5.44
0.399,5.44,5.44
0.4,5.44,5.52
0.401,5.44,5.44
0.402,5.52,5.44
0.403,5.44,5.44
0.404,5.44,5.44
0.405,5.44,5.36
0.406,5.52,5.44
0.407,5.44,5.44
0.408,5.44,5.44
0.409,5.44,5.44
0.41,5.52,5.44
0.411,5.44,5.44
0.412,5.44,5.44
0.413,5.44,5.44
0.414,5.44,5.44
0.415,5.52,5.44
0.416,5.44,5.44
0.417,5.44,5.44
0.418,5.44,5.44
0.419,5.44,5.44
0.42,5.44,5.44
0.421,5.44,5.44
0.422,5.44,5.36
0.423,5.52,5.44
0.424,5.44,5.44
0.425,5.44,5.44
0.426,5.44,5.44
0.427,5.44,5.44
0.428,5.44,5.44
0.429,5.44,5.44
0.43,5.44,5.44
0.431,5.44,5.44
0.432,5.44,5.44
0.433,5.44,5.44
0.434,5.44,5.44
0.435,5.44,5.44
0.436,5.44,5.44
0.437,5.44,5.44
0.438,5.44,5.52
0.439,5.44,5.44
0.44,5.52,5.36
0.441,5.44,5.44
0.442,5.52,5.44
0.443,5.44,5.44
0.444,5.44,5.44
0.445,5.52,5.44
0.446,5.44,5.44
0.447,5.44,5.44
0.448,5.52,5.44
0.449,5.44,5.44
0.45,5.44,5.44
0.451,5.44,5.44
0.452,5.52,5.44
0.453,5.44,5.44
0.454,5.44,5.44
0.455,5.44,5.44
0.456,5.44,5.44
0.457,5.44,5.44
0.458,5.44,5.36
0.459,5.52,5.44
0.46,5.44,5.44
0.461,5.52,5.44
0.462,5.44,5.36
0.463,5.44,5.36
0.464,5.44,5.36
0.465,5.52,5.44
0.466,5.44,5.44
0.467,5.52,5.44
0.468,5.44,5.44
0.469,5.44,5.44
0.47,5.44,5.44
0.471,5.44,5.44
0.472,5.52,5.44
0.473,5.52,5.36
0.474,5.44,5.44
0.475,5.44,5.44
0.476,5.52,5.44
0.477,5.44,5.44
0.478,5.44,5.44
0.479,5.44,5.44
0.48,5.44,5.44
0.481,5.52,5.52
0.482,5.44,5.44
0.483,5.44,5.44
0.484,5.52,5.44
0.485,5.52,5.44
0.486,5.52,5.44
0.487,5.44,5.44
0.488,5.52,5.44
0.489,5.44,5.52
0.49,5.52,5.44
0.491,5.44,5.44
0.492,5.52,5.44
0.493,5.44,5.44
0.494,5.52,5.44
0.495,5.44,5.44
0.496,5.52,5.44
0.497,5.52,5.44
0.498,5.44,5.44
0.499,5.44,5.44
0.5,5.44,5.44
0.501,5.52,5.44
0.502,5.44,5.44
0.503,5.52,5.36
0.504,5.52,5.44
0.505,5.52,5.44
0.506,5.52,5.52
0.507,5.52,5.44
0.508,5.44,5.44
0.509,5.44,5.52
0.51,5.52,5.52
0.511,5.52,5.52
0.512,5.52,5.52
0.513,5.44,5.52
0.514,5.52,5.44
0.515,5.44,5.44
0.516,5.52,5.44
0.517,5.44,5.52
0.518,5.52,5.44
0.519,5.44,5.52
0.52,5.52,5.52
0.521,5.52,5.44
0.522,5.52,5.52
0.523,5.52,5.52
0.524,5.52,5.52
0.525,5.52,5.44
0.526,5.44,5.52
0.527,5.52,5.52
0.528,5.52,5.44
0.529,5.52,5.44
0.53,5.52,5.44
0.531,5.52,5.52
0.532,5.6,5.44
0.533,5.52,5.52
0.534,5.52,5.44
0.535,5.52,5.52
0.536,5.52,5.52
0.537,5.52,5.52
0.538,5.52,5.52
0.539,5.52,5.52
0.54,5.52,5.52
0.541,5.6,5.52
0.542,5.52,5.52
0.543,5.52,5.52
0.544,5.52,5.44
0.545,5.52,5.52
0.546,5.52,5.44
0.547,5.6,5.52
0.548,5.52,5.52
0.549,5.44,5.44
0.55,5.6,5.52
0.551,5.52,5.52
0.552,5.52,5.52
0.553,5.52,5.52
0.554,5.6,5.44
0.555,5.52,5.52
0.556,5.52,5.44
0.557,5.6,5.52
0.558,5.52,5.52
0.559,5.6,5.44
0.56,5.52,5.52
0.561,5.52,5.52
0.562,5.52,5.52
0.563,5.6,5.44
0.564,5.6,5.52
0.565,5.52,5.52
0.566,5.6,5.52
0.567,5.52,5.52
0.568,5.52,5.44
0.569,5.6,5.52
0.57,5.6,5.52
0.571,5.52,5.44
0.572,5.52,5.44
0.573,5.52,5.44
0.574,5.52,5.52
0.575,5.52,5.52
0.576,5.6,5.52
0.577,5.52,5.44
0.578,5.52,5.44
0.579,5.52,5.44
0.58,5.6,5.52
0.581,5.52,5.52
0.582,5.52,5.52
0.583,5.52,5.52
0.584,5.6,5.44
0.585,5.52,5.52
0.586,5.52,5.52
0.587,5.52,5.52
0.588,5.52,5.52
0.589,5.28,5.36
0.59,4.48,4.48
0.591,4.08,4.08
0.592,4.08,4.08
0.593,4.08,4.08
0.594,4.08,4.08
0.595,4.08,4.08
0.596,4.08,4.08
0.597,4.08,4.08
0.598,4.08,4
0.599,4.08,4.08
0.6,4.08,4
0.601,4.08,4.08
0.602,4.08,4.08
0.603,4.08,4.08
0.604,4.08,4.16
0.605,4.08,4.08
0.606,4.08,4.08
0.607,4.08,4.08
0.608,4.08,4.08
0.609,4.08,4.08
0.61,4.08,4.08
0.611,4.4,4.4
0.612,4.48,4.48
0.613,4.4,4.4
0.614,4.48,4.4
0.615,4.48,4.48
0.616,4.4,4.48
0.617,4.4,4.4
0.618,4.48,4.4
0.619,4.4,4.4
0.62,4.4,4.4
0.621,4.4,4.4
0.622,4.48,4.4
0.623,4.4,4.4
0.624,4.48,4.4
0.625,4.48,4.4
0.626,4.4,4.4
0.627,4.4,4.4
0.628,4.48,4.4
0.629,4.48,4.4
0.63,4.4,4.4
0.631,4.4,4.4
0.632,4.4,4.4
0.633,4.4,4.48
0.634,4.48,4.4
0.635,4.48,4.4
0.636,4.4,4.4
0.637,4.48,4.4
0.638,4.4,4.4
0.639,4.48,4.48
0.64,4.48,4.4
0.641,4.48,4.48
0.642,4.4,4.48
0.643,4.4,4.4
0.644,4.48,4.4
0.645,4.4,4.4
0.646,4.4,4.4
0.647,4.4,4.48
0.648,4.48,4.4
0.649,4.4,4.4
0.65,4.4,4.4
0.651,4.4,4.4
0.652,4.4,4.48
0.653,4.4,4.4
0.654,4.48,4.4
0.655,4.48,4.4
0.656,4.48,4.4
0.657,4.48,4.4
0.658,4.48,4.4
0.659,4.48,4.4
0.66,4.48,4.4
0.661,4.4,4.4
0.662,4.48,4.4
0.663,4.48,4.4
0.664,4.48,4.4
0.665,4.48,4.4
0.666,4.4,4.4
0.667,4.4,4.4
0.668,4.48,4.4
0.669,4.48,4.4
0.67,4.4,4.4
0.671,4.4,4.4
0.672,4.4,4.4
0.673,4.48,4.4
0.674,4.48,4.48
0.675,4.48,4.4
0.676,4.4,4.4
0.677,4.4,4.48
0.678,4.48,4.4
0.679,4.4,4.4
0.68,4.48,4.4
0.681,4.48,4.4
0.682,4.48,4.4
0.683,4.4,4.4
0.684,4.4,4.4
0.685,4.48,4.4
0.686,4.4,4.4
0.687,4.4,4.48
0.688,4.48,4.4
0.689,4.4,4.4
0.69,4.48,4.48
0.691,4.48,4.4
0.692,4.48,4.4
0.693,4.4,4.4
0.694,4.4,4.32
0.695,4.48,4.4
0.696,4.4,4.4
0.697,4.4,4.48
0.698,4.4,4.4
0.699,4.48,4.4
0.7,4.4,4.4
0.701,4.4,4.4
0.702,4.48,4.48
0.703,4.48,4.48
0.704,4.4,4.4
0.705,4.4,4.4
0.706,4.48,4.4
0.707,4.48,4.4
0.708,4.48,4.4
0.709,4.48,4.4
0.71,4.48,4.4
0.711,4.4,4.4
0.712,4.4,4.4
0.713,4.4,4.4
0.714,4.4,4.4
0.715,4.4,4.4
0.716,4.48,4.4
0.717,4.48,4.4
0.718,4.48,4.4
0.719,4.48,4.4
0.72,4.48,4.4
0.721,4.48,4.4
0.722,4.4,4.4
0.723,4.4,4.48
0.724,4.48,4.4
0.725,4.48,4.4
0.726,4.4,4.4
0.727,4.4,4.4
0.728,4.48,4.4
0.729,4.4,4.4
0.73,4.4,4.4
0.731,4.48,4.4
0.732,4.48,4.48
0.733,4.48,4.4
0.734,4.48,4.4
0.735,4.4,4.4
0.736,4.4,4.4
0.737,4.48,4.48
0.738,4.4,4.4
0.739,4.48,4.4
0.74,4.4,4.4
0.741,4.48,4.4
0.742,4.4,4.4
0.743,4.48,4.4
0.744,4.48,4.4
0.745,4.4,4.48
0.746,4.48,4.4
0.747,4.48,4.4
0.748,4.4,4.4
0.749,4.48,4.4
0.75,4.48,4.4
0.751,4.48,4.4
0.752,4.4,4.4
0.753,4.48,4.4
0.754,4.48,4.4
0.755,4.48,4.4
0.756,4.4,4.4
0.757,4.48,4.4
0.758,4.4,4.4
0.759,4.48,4.48
0.76,4.48,4.48
0.761,4.48,4.4
0.762,4.48,4.4
0.763,4.48,4.48
0.764,4.48,4.4
0.765,4.48,4.4
0.766,4.48,4.4
0.767,4.48,4.4
0.768,4.48,4.4
0.769,4.4,4.4
0.77,4.48,4.4
0.771,4.4,4.4
0.772,4.48,4.4
0.773,4.4,4.4
0.774,4.4,4.4
0.775,4.48,4.48
0.776,4.4,4.4
0.777,4.48,4.4
0.778,4.48,4.4
0.779,4.4,4.4
0.78,4.48,4.4
0.781,4.4,4.4
0.782,4.48,4.4
0.783,4.4,4.48
0.784,4.4,4.4
0.785,4.48,4.48
0.786,4.4,4.48
0.787,4.48,4.4
0.788,4.48,4.48
0.789,4.48,4.4
0.79,4.4,4.4
0.791,4.4,4.4
0.792,4.48,4.4
0.793,4.48,4.4
0.794,4.48,4.4
0.795,4.48,4.48
0.796,4.4,4.4
0.797,4.4,4.4
0.798,4.48,4.4
0.799,4.4,4.4
0.8,4.4,4.4
0.801,4.4,4.4
0.802,4.48,4.4
0.803,4.48,4.4
0.804,4.4,4.48
0.805,4.48,4.4
0.806,4.4,4.32
0.807,4.4,4.32
0.808,4.4,4.4
0.809,4.48,4.4
0.81,4.4,4.4
0.811,4.48,4.32
0.812,4.48,4.4
0.813,4.4,4.48
0.814,4.48,4.32
0.815,4.4,4.4
0.816,4.48,4.4
0.817,4.4,4.32
0.818,4.48,4.4
0.819,4.4,4.4
0.82,4.4,4.48
0.821,4.4,4.32
0.822,4.4,4.4
0.823,4.4,4.4
0.824,4.48,4.48
0.825,4.48,4.4
0.826,4.48,4.48
0.827,4.48,4.48
0.828,4.48,4.4
0.829,4.4,4.4
0.83,4.4,4.4
0.831,4.4,4.48
0.832,4.48,4.48
0.833,4.4,4.4
0.834,4.32,4.4
0.835,4.48,4.4
0.836,4.4,4.48
0.837,4.4,4.4
0.838,4.4,4.48
0.839,4.4,4.48
0.84,4.4,4.4
0.841,4.4,4.48
0.842,4.48,4.32
0.843,4.48,4.4
0.844,4.48,4.4
0.845,4.4,4.4
0.846,4.48,4.32
0.847,4.4,4.48
0.848,4.4,4.4
0.849,4.48,4.48
0.85,4.4,4.4
0.851,4.48,4.4
0.852,4.48,4.48
0.853,4.48,4.4
0.854,4.4,4.4
0.855,4.4,4.4
0.856,4.48,4.4
0.857,4.48,4.48
0.858,4.48,4.4
0.859,4.48,4.48
0.86,4.4,4.48
0.861,4.4,4.4
0.862,4.48,4.4
0.863,4.4,4.48
0.864,4.48,4.48
0.865,4.4,4.4
0.866,4.4,4.4
0.867,4.4,4.4
0.868,4.48,4.4
0.869,4.48,4.4
0.87,4.4,4.4
0.871,4.48,4.4
0.872,4.48,4.4
0.873,4.48,4.4
0.874,4.48,4.4
0.875,4.48,4.4
0.876,4.48,4.4
0.877,4.48,4.4
0.878,4.4,4.4
0.879,4.48,4.4
0.88,4.48,4.4
0.881,4.48,4.4
0.882,4.4,4.32
0.883,4.48,4.4
0.884,4.48,4.4
0.885,4.48,4.4
0.886,4.48,4.4
0.887,4.48,4.4
0.888,4.4,4.4
0.889,4.48,4.4
0.89,4.48,4.4
0.891,4.48,4.4
0.892,4.48,4.4
0.893,4.48,4.48
0.894,4.48,4.4
0.895,4.4,4.48
0.896,4.4,4.4
0.897,4.4,4.4
0.898,4.4,4.4
0.899,4.48,4.4
0.9,4.48,4.4
0.901,4.48,4.4
0.902,4.48,4.4
0.903,4.48,4.4
0.904,4.32,4.4
0.905,4.48,4.4
0.906,4.48,4.48
0.907,4.48,4.4
0.908,4.4,4.4
0.909,4.4,4.48
0.91,4.48,4.4
0.911,4.4,4.4
0.912,4.4,4.4
0.913,4.4,4.32
0.914,4.48,4.4
0.915,4.4,4.4
0.916,4.4,4.4
0.917,4.48,4.4
0.918,4.4,4.48
0.919,4.4,4.32
0.92,4.48,4.4
0.921,4.48,4.48
0.922,4.48,4.48
0.923,4.48,4.48
0.924,4.4,4.48
0.925,4.4,4.4
0.926,4.48,4.4
0.927,4.48,4.48
0.928,4.48,4.4
0.929,4.48,4.4
0.93,4.4,4.4
0.931,4.4,4.32
0.932,4.48,4.4
0.933,4.4,4.4
0.934,4.48,4.4
0.935,4.48,4.32
0.936,4.48,4.4
0.937,4.4,4.4
0.938,4.4,4.4
0.939,4.48,4.4
0.94,4.48,4.4
0.941,4.4,4.4
0.942,4.48,4.4
0.943,4.4,4.4
0.944,4.4,4.4
0.945,4.4,4.4
0.946,4.48,4.4
0.947,4.48,4.4
0.948,4.4,4.4
0.949,4.48,4.4
0.95,4.48,4.4
0.951,4.48,4.4
0.952,4.4,4.48
0.953,4.48,4.4
0.954,4.48,4.4
0.955,4.48,4.48
0.956,4.56,4.48
0.957,4.4,4.4
0.958,4.48,4.4
0.959,4.4,4.4
0.96,4.4,4.4
0.961,4.48,4.4
0.962,4.48,4.4
0.963,4.4,4.4
0.964,4.48,4.4
0.965,4.4,4.4
0.966,4.56,4.4
0.967,4.4,4.4
0.968,4.4,4.4
0.969,4.4,4.4
0.97,4.48,4.48
0.971,4.48,4.4
0.972,4.4,4.4
0.973,4.48,4.4
0.974,4.4,4.4
0.975,4.48,4.4
0.976,4.4,4.4
0.977,4.4,4.4
0.978,4.48,4.4
0.979,4.4,4.4
0.98,4.48,4.4
0.981,4.48,4.4
0.982,4.4,4.48
0.983,4.4,4.4
0.984,4.48,4.4
0.985,4.48,4.4
0.986,4.48,4.48
0.987,4.4,4.4
0.988,4.48,4.4
0.989,4.4,4.48
0.99,4.48,4.4
0.991,4.4,4.48
0.992,4.48,4.4
0.993,4.56,4.4
0.994,4.4,4.4
0.995,4.4,4.4
0.996,4.4,4.4
0.997,4.4,4.48
0.998,4.4,4.4
0.999,4.48,4.4
1,4.48,4.48
1.001,4.4,4.4
1.002,4.4,4.4
1.003,4.4,4.4
1.004,4.4,4.4
1.005,4.48,4.4
1.006,4.4,4.4
1.007,4.4,4.4
1.008,4.4,4.4
1.009,4.4,4.4
1.01,4.48,4.48
1.011,4.4,4.4
1.012,4.4,4.4
1.013,4.48,4.4
1.014,4.4,4.4
1.015,4.4,4.48
1.016,4.4,4.48
1.017,4.4,4.4
1.018,4.4,4.48
1.019,4.48,4.4
1.02,4.48,4.48
1.021,4.48,4.48
1.022,4.4,4.4
1.023,4.48,4.4
1.024,4.48,4.48
1.025,4.48,4.4
1.026,4.48,4.4
1.027,4.48,4.48
1.028,4.4,4.4
1.029,4.4,4.4
1.03,4.4,4.4
1.031,4.4,4.48
1.032,4.48,4.4
1.033,4.4,4.4
1.034,4.4,4.4
1.035,4.4,4.4
1.036,4.48,4.4
1.037,4.4,4.4
1.038,4.48,4.4
1.039,4.48,4.4
1.04,4.48,4.4
1.041,4.4,4.4
1.042,4.4,4.4
1.043,4.48,4.4
1.044,4.48,4.4
1.045,4.48,4.4
1.046,4.4,4.4
1.047,4.48,4.4
1.048,4.48,4.4
1.049,4.48,4.4
1.05,4.4,4.4
1.051,4.4,4.4
1.052,4.4,4.48
1.053,4.48,4.4
1.054,4.4,4.4
1.055,4.4,4.4
1.056,4.4,4.4
1.057,4.4,4.4
1.058,4.48,4.4
1.059,4.48,4.4
1.06,4.4,4.4
1.061,4.48,4.4
1.062,4.4,4.4
1.063,4.4,4.4
1.064,4.4,4.4
1.065,4.4,4.4
1.066,4.48,4.32
1.067,4.48,4.4
1.068,4.4,4.4
1.069,2.96,3.04
1.07,2.24,2.24
1.071,2,2
1.072,1.84,1.84
1.073,1.68,1.6
1.074,1.52,1.44
1.075,1.36,1.36
1.076,1.28,1.2
1.077,1.12,1.12
1.078,1.04,0.96
1.079,0.96,0.88
1.08,0.8,0.8
1.081,0.8,0.72
1.082,0.64,0.64
1.083,0.64,0.56
1.084,0.56,0.48
1.085,0.56,0.48
1.086,0.48,0.48
1.087,0.48,0.4
1.088,0.32,0.4
1.089,1.44,1.44
1.09,1.68,1.6
1.091,1.6,1.6
1.092,1.6,1.6
1.093,1.6,1.6
1.094,1.68,1.6
1.095,1.68,1.52
1.096,1.6,1.6
1.097,1.6,1.6
1.098,1.6,1.6
1.099,1.6,1.6
1.1,1.6,1.6
1.101,1.6,1.6
1.102,1.6,1.6
1.103,1.68,1.6
1.104,1.6,1.6
1.105,1.6,1.6
1.106,1.6,1.6
1.107,1.68,1.6
1.108,1.52,1.52
1.109,2.8,2.72
1.11,2.88,2.8
1.111,2.8,2.8
1.112,2.8,2.8
1.113,2.8,2.8
1.114,2.8,2.8
1.115,2.88,2.8
1.116,2.8,2.8
1.117,2.8,2.8
1.118,2.8,2.8
1.119,2.8,2.8
1.12,2.88,2.88
1.121,2.88,2.88
1.122,2.88,2.8
1.123,2.8,2.8
1.124,2.88,2.8
1.125,2.88,2.8
1.126,2.88,2.8
1.127,2.8,2.8
1.128,2.88,2.8
1.129,2.8,2.8
1.13,2.8,2.8
1.131,2.64,2.56
1.132,2.56,2.48
1.133,2.56,2.48
1.134,2.56,2.48
1.135,2.56,2.48
1.136,2.48,2.48
1.137,2.56,2.48
1.138,2.56,2.48
1.139,2.56,2.48
1.14,2.56,2.56
1.141,2.56,2.56
1.142,2.56,2.48
1.143,2.56,2.48
1.144,2.48,2.56
1.145,2.56,2.56
1.146,2.56,2.56
1.147,2.56,2.48
1.148,2.56,2.56
1.149,2.56,2.48
1.15,2.56,2.56
1.151,2.56,2.48
1.152,2.56,2.56
1.153,2.56,2.48
1.154,2.56,2.48
1.155,2.56,2.56
1.156,2.56,2.48
1.157,2.56,2.48
1.158,2.56,2.56
1.159,2.56,2.48
1.16,2.56,2.48
1.161,2.56,2.48
1.162,2.48,2.56
1.163,2.48,2.48
1.164,2.56,2.56
1.165,2.56,2.48
1.166,2.56,2.48
1.167,2.56,2.48
1.168,2.56,2.48
1.169,2.56,2.48
1.17,2.64,2.56
1.171,2.56,2.48
1.172,2.56,2.56
1.173,2.56,2.48
1.174,2.56,2.48
1.175,2.56,2.56
1.176,2.56,2.48
1.177,2.56,2.48
1.178,2.56,2.56
1.179,2.48,2.56
1.18,2.56,2.48
1.181,2.56,2.48
1.182,2.48,2.56
1.183,2.56,2.56
1.184,2.56,2.56
1.185,2.56,2.48
1.186,2.56,2.56
1.187,2.56,2.48
1.188,2.56,2.48
1.189,2.56,2.48
1.19,2.56,2.56
1.191,2.48,2.56
1.192,2.56,2.48
1.193,2.56,2.48
1.194,2.56,2.48
1.195,2.56,2.56
1.196,2.56,2.56
1.197,2.56,2.48
1.198,2.56,2.48
1.199,2.56,2.48
1.2,2.56,2.56
1.201,2.56,2.56
1.202,2.56,2.48
1.203,2.56,2.48
1.204,2.48,2.48
1.205,2.56,2.56
1.206,2.56,2.56
1.207,2.56,2.48
1.208,2.56,2.48
1.209,2.56,2.48
1.21,2.56,2.56
1.211,2.56,2.48
1.212,2.56,2.48
1.213,2.56,2.56
1.214,2.56,2.56
1.215,2.56,2.48
1.216,2.56,2.48
1.217,2.56,2.48
1.218,2.48,2.48
1.219,2.56,2.48
1.22,2.56,2.48
1.221,2.56,2.56
1.222,2.56,2.48
1.223,2.56,2.48
1.224,2.64,2.48
1.225,2.56,2.48
1.226,2.56,2.56
1.227,2.56,2.48
1.228,2.56,2.48
1.229,2.56,2.56
1.23,2.56,2.56
1.231,2.56,2.56
1.232,2.56,2.56
1.233,2.56,2.48
1.234,2.56,2.48
1.235,2.56,2.48
1.236,2.56,2.48
1.237,2.56,2.48
1.238,2.56,2.56
1.239,2.56,2.48
1.24,2.56,2.56
1.241,2.56,2.48
1.242,2.56,2.56
1.243,2.56,2.48
1.244,2.56,2.56
1.245,2.56,2.56
1.246,2.56,2.48
1.247,2.56,2.56
1.248,2.64,2.48
1.249,2.56,2.56
1.25,2.56,2.48
1.251,2.56,2.56
1.252,2.64,2.48
1.253,2.56,2.48
1.254,2.56,2.48
1.255,2.56,2.48
1.256,2.56,2.48
1.257,2.56,2.48
1.258,2.56,2.48
1.259,2.56,2.56
1.26,2.56,2.48
1.261,2.56,2.48
1.262,2.56,2.48
1.263,2.56,2.48
1.264,2.56,2.48
1.265,2.56,2.48
1.266,2.56,2.48
1.267,2.56,2.48
1.268,2.56,2.48
1.269,2.56,2.48
1.27,2.56,2.56
1.271,2.56,2.48
1.272,2.56,2.56
1.273,2.56,2.48
1.274,2.56,2.48
1.275,2.56,2.48
1.276,2.56,2.48
1.277,2.56,2.48
1.278,2.56,2.48
1.279,2.56,2.56
1.28,2.56,2.48
1.281,2.56,2.56
1.282,2.56,2.48
1.283,2.56,2.56
1.284,2.56,2.48
1.285,2.56,2.56
1.286,2.56,2.48
1.287,2.56,2.48
1.288,2.56,2.48
1.289,2.56,2.48
1.29,2.56,2.48
1.291,2.56,2.48
1.292,2.56,2.56
1.293,2.56,2.48
1.294,2.56,2.48
1.295,2.56,2.48
1.296,2.56,2.56
1.297,2.56,2.48
1.298,2.56,2.48
1.299,2.56,2.56
1.3,2.56,2.48
1.301,2.56,2.48
1.302,2.56,2.48
1.303,2.56,2.48
1.304,2.56,2.48
1.305,2.56,2.56
1.306,2.64,2.48
1.307,2.56,2.48
1.308,2.56,2.48
1.309,2.56,2.56
1.31,2.56,2.48
1.311,2.56,2.48
1.312,2.56,2.48
1.313,2.56,2.48
1.314,2.56,2.48
1.315,2.48,2.56
1.316,2.48,2.48
1.317,2.56,2.48
1.318,2.56,2.48
1.319,2.56,2.48
1.32,2.48,2.48
1.321,2.48,2.56
1.322,2.56,2.48
1.323,2.56,2.48
1.324,2.56,2.56
1.325,2.56,2.48
1.326,2.56,2.56
1.327,2.56,2.48
1.328,2.64,2.48
1.329,2.56,2.48
1.33,2.56,2.48
1.331,2.56,2.56
1.332,2.56,2.48
1.333,2.48,2.48
1.334,2.56,2.48
1.335,2.48,2.48
1.336,2.56,2.56
1.337,2.56,2.48
1.338,2.56,2.48
1.339,2.56,2.48
1.34,2.56,2.48
1.341,2.56,2.48
1.342,2.56,2.48
1.343,2.56,2.48
1.344,2.56,2.48
1.345,2.48,2.48
1.346,2.56,2.56
1.347,2.56,2.48
1.348,2.48,2.56
1.349,2.56,2.48
1.35,2.56,2.56
1.351,2.56,2.48
1.352,2.56,2.48
1.353,2.56,2.48
1.354,2.56,2.48
1.355,2.56,2.48
1.356,2.56,2.48
1.357,2.56,2.56
1.358,2.56,2.48
1.359,2.56,2.48
1.36,2.56,2.48
1.361,2.56,2.56
1.362,2.56,2.56
1.363,2.56,2.48
1.364,2.48,2.48
1.365,2.56,2.48
1.366,2.48,2.48
1.367,2.48,2.48
1.368,2.56,2.48
1.369,2.48,2.56
1.37,2.56,2.56
1.371,2.56,2.48
1.372,2.56,2.48
1.373,2.56,2.48
1.374,2.56,2.56
1.375,2.56,2.48
1.376,2.56,2.48
1.377,2.56,2.48
1.378,2.56,2.48
1.379,2.48,2.48
1.38,2.56,2.48
1.381,2.56,2.48
1.382,2.56,2.48
1.383,2.56,2.48
1.384,2.56,2.48
1.385,2.48,2.48
1.386,2.56,2.48
1.387,2.56,2.48
1.388,2.56,2.48
1.389,2.56,2.48
1.39,2.56,2.48
1.391,2.56,2.48
1.392,2.64,2.48
1.393,2.56,2.48
1.394,2.56,2.48
1.395,2.56,2.56
1.396,2.56,2.48
1.397,2.56,2.56
1.398,2.48,2.48
1.399,2.56,2.48
1.4,2.56,2.48
1.401,2.56,2.48
1.402,2.56,2.56
1.403,2.56,2.48
1.404,2.56,2.48
1.405,2.56,2.56
1.406,2.56,2.48
1.407,2.56,2.56
1.408,2.56,2.56
1.409,2.56,2.48
1.41,2.56,2.48
1.411,2.56,2.48
1.412,2.56,2.48
1.413,2.56,2.48
1.414,2.56,2.56
1.415,2.56,2.56
1.416,2.56,2.56
1.417,2.56,2.56
1.418,2.48,2.48
1.419,2.56,2.48
1.42,2.56,2.56
1.421,2.56,2.56
1.422,2.56,2.56
1.423,2.56,2.48
1.424,2.56,2.56
1.425,2.56,2.48
1.426,2.56,2.48
1.427,2.48,2.48
1.428,2.56,2.48
1.429,2.56,2.48
1.43,2.56,2.48
1.431,2.48,2.48
1.432,2.56,2.48
1.433,2.56,2.48
1.434,2.56,2.48
1.435,2.56,2.48
1.436,2.56,2.56
1.437,2.56,2.48
1.438,2.56,2.48
1.439,2.56,2.56
1.44,2.56,2.48
1.441,2.56,2.48
1.442,2.64,2.56
1.443,2.56,2.48
1.444,2.56,2.48
1.445,2.56,2.4
1.446,2.56,2.48
1.447,2.56,2.56
1.448,2.56,2.64
1.449,2.56,2.56
1.45,2.56,2.56
1.451,2.56,2.56
1.452,2.56,2.56
1.453,2.56,2.56
1.454,2.56,2.56
1.455,2.56,2.56
1.456,2.56,2.56
1.457,2.48,2.56
1.458,2.48,2.56
1.459,2.56,2.48
1.46,2.56,2.48
1.461,2.56,2.48
1.462,2.56,2.56
1.463,2.56,2.48
1.464,2.56,2.48
1.465,2.48,2.56
1.466,2.56,2.56
1.467,2.56,2.56
1.468,2.56,2.48
1.469,2.56,2.56
1.47,2.56,2.48
1.471,2.56,2.48
1.472,2.56,2.48
1.473,2.56,2.48
1.474,2.56,2.48
1.475,2.56,2.48
1.476,2.56,2.48
1.477,2.48,2.48
1.478,2.56,2.48
1.479,2.56,2.48
1.48,2.56,2.48
1.481,2.56,2.48
1.482,2.56,2.48
1.483,2.56,2.56
1.484,2.48,2.48
1.485,2.56,2.56
1.486,2.56,2.56
1.487,2.56,2.48
1.488,2.56,2.48
1.489,2.56,2.56
1.49,2.56,2.48
1.491,2.48,2.48
1.492,2.48,2.48
1.493,2.56,2.48
1.494,2.56,2.56
1.495,2.56,2.48
1.496,2.56,2.48
1.497,2.56,2.48
1.498,2.56,2.48
1.499,2.48,2.48
1.5,2.56,2.56
1.501,2.56,2.48
1.502,2.56,2.56
1.503,2.56,2.48
1.504,2.56,2.56
1.505,2.48,2.56
1.506,2.56,2.48
1.507,2.56,2.48
1.508,2.56,2.48
1.509,2.56,2.48
1.51,2.56,2.48
1.511,2.48,2.48
1.512,2.56,2.48
1.513,2.56,2.56
1.514,2.56,2.48
1.515,2.48,2.56
1.516,2.56,2.48
1.517,2.56,2.64
1.518,2.56,2.56
1.519,2.56,2.56
1.52,2.48,2.48
1.521,2.48,2.56
1.522,2.56,2.64
1.523,2.48,2.64
1.524,2.48,2.64
1.525,2.48,2.4
1.526,2.56,2.48
1.527,2.56,2.56
1.528,2.56,2.4
1.529,2.56,2.56
1.53,2.56,2.48
1.531,2.56,2.48
1.532,2.56,2.4
1.533,2.56,2.64
1.534,2.56,2.48
1.535,2.56,2.48
1.536,2.56,2.48
1.537,2.56,2.56
1.538,2.56,2.56
1.539,2.56,2.48
1.54,2.56,2.48
1.541,2.56,2.56
1.542,2.48,2.48
1.543,2.56,2.56
1.544,2.56,2.48
1.545,2.56,2.48
1.546,2.56,2.48
1.547,2.56,2.48
1.548,2.48,2.48
1.549,2.56,2.48
1.55,2.56,2.48
1.551,2.56,2.48
1.552,2.64,2.48
1.553,2.56,2.56
1.554,2.56,2.48
1.555,2.56,2.48
1.556,2.56,2.48
1.557,2.56,2.48
1.558,2.56,2.56
1.559,2.56,2.48
1.56,2.56,2.48
1.561,2.56,2.48
1.562,2.48,2.56
1.563,2.56,2.56
1.564,2.56,2.48
1.565,2.56,2.48
1.566,2.56,2.56
1.567,2.56,2.48
1.568,2.56,2.48
1.569,2.56,2.48
1.57,2.48,2.48
1.571,2.56,2.48
1.572,2.56,2.48
1.573,2.56,2.48
1.574,2.56,2.48
1.575,2.56,2.48
1.576,2.56,2.48
1.577,2.56,2.56
1.578,2.56,2.48
1.579,2.56,2.48
1.58,2.56,2.48
1.581,2.48,2.48
1.582,2.56,2.48
1.583,2.56,2.48
1.584,2.48,2.48
1.585,2.64,2.48
1.586,2.56,2.48
1.587,2.56,2.48
1.588,2.56,2.56
1.589,2.56,2.48
1.59,2.56,2.48
1.591,2.56,2.56
1.592,2.56,2.48
1.593,2.56,2.48
1.594,2.56,2.48
1.595,2.56,2.48
1.596,2.56,2.48
1.597,2.56,2.48
1.598,2.56,2.56
1.599,2.56,2.56
1.6,2.56,2.48
1.601,2.56,2.56
1.602,2.48,2.48
1.603,2.56,2.56
1.604,2.56,2.48
1.605,2.48,2.48
1.606,2.56,2.48
1.607,2.48,2.56
1.608,2.56,2.48
1.609,2.56,2.48
1.61,2.48,2.48
1.611,2.56,2.48
1.612,2.48,2.48
1.613,2.56,2.48
1.614,2.56,2.48
1.615,1.84,1.76
1.616,1.44,1.44
1.617,1.36,1.28
1.618,1.2,1.12
1.619,1.12,1.04
1.62,1.04,0.88
1.621,0.96,0.88
1.622,0.8,0.8
1.623,0.72,0.72
1.624,0.72,0.72
1.625,0.72,0.64
1.626,0.64,0.64
1.627,0.56,0.64
1.628,0.72,0.56
1.629,0.72,0.72
1.63,0.64,0.64
1.631,0.64,0.64
1.632,0.72,0.56
1.633,0.72,0.64
1.634,0.72,0.64
1.635,0.64,0.64
1.636,0.72,0.64
1.637,0.64,0.64
1.638,0.64,0.64
1.639,0.64,0.64
1.64,0.64,0.72
1.641,0.64,0.64
1.642,0.64,0.64
1.643,0.64,0.64
1.644,0.64,0.64
1.645,0.72,0.64
1.646,0.72,0.64
1.647,0.72,0.72
1.648,0.72,0.64
1.649,0.64,0.64
1.65,0.64,0.64
1.651,0.64,0.64
1.652,0.64,0.72
1.653,0.72,0.64
1.654,0.72,0.64
1.655,0.64,0.64
1.656,0.72,0.64
1.657,0.64,0.64
1.658,0.72,0.64
1.659,0.64,0.64
1.66,0.72,0.72
1.661,0.64,0.64
1.662,0.72,0.64
1.663,0.72,0.64
1.664,0.72,0.64
1.665,0.72,0.56
1.666,0.72,0.64
1.667,0.72,0.72
1.668,0.72,0.64
1.669,0.72,0.64
1.67,0.72,0.64
1.671,0.64,0.72
1.672,0.72,0.64
1.673,0.72,0.64
1.674,0.72,0.72
1.675,0.72,0.64
1.676,0.64,0.64
1.677,0.64,0.64
1.678,0.72,0.64
1.679,0.72,0.64
1.68,0.64,0.64
1.681,0.64,0.64
1.682,0.72,0.64
1.683,0.64,0.64
1.684,0.64,0.64
1.685,0.72,0.64
1.686,0.64,0.64
1.687,0.64,0.64
1.688,0.64,0.72
1.689,0.64,0.64
1.69,0.72,0.64
1.691,0.64,0.64
1.692,0.72,0.64
1.693,0.72,0.64
1.694,0.64,0.64
1.695,0.64,0.64
1.696,0.64,0.64
1.697,0.64,0.64
1.698,0.64,0.64
1.699,0.64,0.64
1.7,0.72,0.64
1.701,0.72,0.64
1.702,0.72,0.64
1.703,0.64,0.64
1.704,0.72,0.64
1.705,0.64,0.64
1.706,0.72,0.64
1.707,0.64,0.72
1.708,0.64,0.64
1.709,0.64,0.64
1.71,0.64,0.64
1.711,0.64,0.72
1.712,0.64,0.64
1.713,0.72,0.64
1.714,0.64,0.64
1.715,0.64,0.64
1.716,0.72,0.72
1.717,0.72,0.56
1.718,0.72,0.64
1.719,0.72,0.64
1.72,0.64,0.64
1.721,0.64,0.64
1.722,0.72,0.64
1.723,0.64,0.56
1.724,0.72,0.64
1.725,0.72,0.64
1.726,0.72,0.64
1.727,0.72,0.64
1.728,0.72,0.64
1.729,0.64,0.64
1.73,0.64,0.64
1.731,0.72,0.64
1.732,0.72,0.64
1.733,0.64,0.64
1.734,0.72,0.64
1.735,0.64,0.64
1.736,0.72,0.64
1.737,0.72,0.64
1.738,0.72,0.64
1.739,0.72,0.64
1.74,0.64,0.64
1.741,0.72,0.64
1.742,0.64,0.64
1.743,0.72,0.72
1.744,0.72,0.64
1.745,0.64,0.64
1.746,0.64,0.64
1.747,0.72,0.72
1.748,0.64,0.56
1.749,0.64,0.64
1.75,0.64,0.64
1.751,0.72,0.64
1.752,0.72,0.64
1.753,0.72,0.64
1.754,0.72,0.56
1.755,0.64,0.64
1.756,0.64,0.64
1.757,0.72,0.64
1.758,0.72,0.64
1.759,0.64,0.64
1.76,0.72,0.64
1.761,0.64,0.72
1.762,0.64,0.56
1.763,0.56,0.64
1.764,0.64,0.56
1.765,0.56,0.64
1.766,0.64,0.64
1.767,0.72,0.64
1.768,0.64,0.64
1.769,0.64,0.72
1.77,0.72,0.64
1.771,0.64,0.64
1.772,0.72,0.64
1.773,0.64,0.64
1.774,0.64,0.64
1.775,0.72,0.64
1.776,0.72,0.64
1.777,0.72,0.72
1.778,0.64,0.64
1.779,0.64,0.64
1.78,0.64,0.64
1.781,0.64,0.64
1.782,0.72,0.64
1.783,0.72,0.64
1.784,0.64,0.64
1.785,0.64,0.64
1.786,0.64,0.64
1.787,0.64,0.72
1.788,0.72,0.72
1.789,0.64,0.64
1.79,0.64,0.64
1.791,0.72,0.64
1.792,0.64,0.64
1.793,0.72,0.72
1.794,0.72,0.64
1.795,0.64,0.56
1.796,0.72,0.64
1.797,0.64,0.64
1.798,0.64,0.64
1.799,0.64,0.72
1.8,0.64,0.64
1.801,0.64,0.64
1.802,0.72,0.72
1.803,0.72,0.64
1.804,0.72,0.64
1.805,0.64,0.64
1.806,0.72,0.64
1.807,0.72,0.64
1.808,0.72,0.72
1.809,0.64,0.64
1.81,0.64,0.64
1.811,0.72,0.64
1.812,0.72,0.64
1.813,0.64,0.64
1.814,0.72,0.64
1.815,0.64,0.72
1.816,0.64,0.64
1.817,0.72,0.64
1.818,0.72,0.64
1.819,0.64,0.64
1.82,0.64,0.64
1.821,0.64,0.64
1.822,0.72,0.64
1.823,0.64,0.56
1.824,0.72,0.72
1.825,0.72,0.64
1.826,0.72,0.72
1.827,0.72,0.64
1.828,0.64,0.64
1.829,0.64,0.64
1.83,0.64,0.64
1.831,0.72,0.64
1.832,0.64,0.64
1.833,0.72,0.64
1.834,0.72,0.64
1.835,0.72,0.64
1.836,0.72,0.64
1.837,0.72,0.72
1.838,0.72,0.64
1.839,0.72,0.64
1.84,0.72,0.64
1.841,0.64,0.72
1.842,0.72,0.64
1.843,0.72,0.64
1.844,0.64,0.64
1.845,0.64,0.72
1.846,0.64,0.64
1.847,0.72,0.72
1.848,0.72,0.64
1.849,0.56,0.64
1.85,0.72,0.64
1.851,0.72,0.64
1.852,0.72,0.72
1.853,0.64,0.64
1.854,0.64,0.64
1.855,0.72,0.64
1.856,0.64,0.64
1.857,0.64,0.64
1.858,0.64,0.64
1.859,0.64,0.64
1.86,0.72,0.64
1.861,0.72,0.56
1.862,0.64,0.64
1.863,0.64,0.64
1.864,0.72,0.64
1.865,0.72,0.64
1.866,0.72,0.64
1.867,0.64,0.64
1.868,0.64,0.64
1.869,0.72,0.64
1.87,0.72,0.72
1.871,0.72,0.72
1.872,0.72,0.64
1.873,0.72,0.64
1.874,0.64,0.72
1.875,0.72,0.56
1.876,0.72,0.64
1.877,0.64,0.64
1.878,0.64,0.64
1.879,0.72,0.64
1.88,0.64,0.64
1.881,0.64,0.64
1.882,0.64,0.64
1.883,0.72,0.64
1.884,0.64,0.64
1.885,0.64,0.64
1.886,0.72,0.72
1.887,0.72,0.56
1.888,0.64,0.64
1.889,0.64,0.64
1.89,0.64,0.64
1.891,0.64,0.64
1.892,0.72,0.64
1.893,0.64,0.64
1.894,0.64,0.64
1.895,0.72,0.64
1.896,0.64,0.64
1.897,0.72,0.64
1.898,0.72,0.64
1.899,0.72,0.64
1.9,0.72,0.64
1.901,0.64,0.64
1.902,0.72,0.64
1.903,0.72,0.56
1.904,0.72,0.64
1.905,0.64,0.72
1.906,0.64,0.64
1.907,0.64,0.64
1.908,0.64,0.72
1.909,0.72,0.64
1.91,0.64,0.72
1.911,0.72,0.64
1.912,0.64,0.56
1.913,0.72,0.64
1.914,0.72,0.64
1.915,0.72,0.64
1.916,0.72,0.56
1.917,0.72,0.64
1.918,0.72,0.64
1.919,0.72,0.64
1.92,0.64,0.64
1.921,0.72,0.64
1.922,0.64,0.72
1.923,0.64,0.64
1.924,0.64,0.56
1.925,0.64,0.64
1.926,0.64,0.64
1.927,0.64,0.64
1.928,0.72,0.56
1.929,0.72,0.64
1.93,0.64,0.64
1.931,0.64,0.72
1.932,0.64,0.64
1.933,0.72,0.64
1.934,0.72,0.64
1.935,0.64,0.64
1.936,0.72,0.72
1.937,0.72,0.56
1.938,0.72,0.72
1.939,0.64,0.64
1.94,0.64,0.64
1.941,0.64,0.64
1.942,0.72,0.64
1.943,0.64,0.64
1.944,0.64,0.64
1.945,0.72,0.64
1.946,0.64,0.64
1.947,0.64,0.64
1.948,0.72,0.64
1.949,0.72,0.64
1.95,0.64,0.56
1.951,0.72,0.64
1.952,0.64,0.72
1.953,0.64,0.72
1.954,0.64,0.64
1.955,0.64,0.64
1.956,0.72,0.64
1.957,0.64,0.64
1.958,0.72,0.64
1.959,0.72,0.64
1.96,0.64,0.64
1.961,0.72,0.64
1.962,0.72,0.64
1.963,0.72,0.72
1.964,0.64,0.64
1.965,0.64,0.64
1.966,0.72,0.64
1.967,0.64,0.64
1.968,0.64,0.64
1.969,0.72,0.64
1.97,0.64,0.64
1.971,0.64,0.64
1.972,0.64,0.64
1.973,0.64,0.72
1.974,0.64,0.64
1.975,0.72,0.64
1.976,0.64,0.64
1.977,0.72,0.64
1.978,0.64,0.64
1.979,0.64,0.64
1.98,0.72,0.72
1.981,0.64,0.72
1.982,0.64,0.64
1.983,0.72,0.64
1.984,0.72,0.64
1.985,0.64,0.64
1.986,0.72,0.56
1.987,0.72,0.64
1.988,0.72,0.72
1.989,0.72,0.64
1.99,0.64,0.64
1.991,0.72,0.64
1.992,0.64,0.64
1.993,0.64,0.64
1.994,0.72,0.72
1.995,0.72,0.56
1.996,0.64,0.64
1.997,0.64,0.72
1.998,0.64,0.64
1.999,0.64,0.64
2,0.72,0.72
2.001,0.64,0.72
2.002,0.72,0.64
2.003,0.64,0.64
2.004,0.64,0.64
2.005,0.64,0.64
2.006,0.64,0.64
2.007,0.64,0.64
2.008,0.72,0.64
2.009,0.64,0.64
2.01,0.64,0.64
2.011,0.72,0.64
2.012,0.64,0.64
2.013,0.64,0.64
2.014,0.64,0.64
2.015,0.72,0.64
2.016,0.72,0.72
2.017,0.64,0.64
2.018,0.64,0.64
2.019,0.72,0.56
2.02,0.72,0.64
2.021,0.72,0.64
2.022,0.72,0.64
2.023,0.64,0.64
2.024,0.64,0.64
2.025,0.72,0.72
2.026,0.72,0.72
2.027,0.72,0.72
2.028,0.64,0.64
2.029,0.64,0.64
2.03,0.64,0.56
2.031,0.64,0.64
2.032,0.72,0.64
2.033,0.72,0.72
2.034,0.72,0.64
2.035,0.72,0.64
2.036,0.72,0.72
2.037,0.64,0.72
2.038,0.72,0.64
2.039,0.72,0.72
2.04,0.64,0.64
2.041,0.64,0.64
2.042,0.72,0.64
2.043,0.72,0.64
2.044,0.64,0.64
2.045,0.72,0.64
2.046,0.64,0.64
2.047,0.72,0.64
2.048,0.72,0.64
2.049,0.64,0.56
2.05,0.64,0.72
2.051,0.72,0.64
2.052,0.64,0.64
2.053,0.64,0.64
2.054,0.72,0.56
2.055,0.72,0.64
2.056,0.64,0.64
2.057,0.72,0.64
2.058,0.64,0.64
2.059,0.64,0.64
2.06,0.72,0.72
2.061,0.72,0.64
2.062,0.64,0.64
2.063,0.72,0.64
2.064,0.64,0.72
2.065,0.64,0.64
2.066,0.64,0.64
2.067,0.64,0.64
2.068,0.72,0.64
2.069,0.72,0.64
2.07,0.72,0.64
2.071,0.72,0.64
2.072,0.64,0.64
2.073,0.64,0.64
2.074,0.64,0.64
2.075,0.72,0.64
2.076,0.72,0.72
2.077,0.72,0.64
2.078,0.64,0.64
2.079,0.72,0.64
2.08,0.64,0.72
2.081,0.72,0.64
2.082,0.64,0.64
2.083,0.64,0.64
2.084,0.64,0.64
2.085,0.72,0.64
2.086,0.72,0.72
2.087,0.72,0.64
2.088,0.72,0.64
2.089,0.64,0.72
2.09,0.72,0.64
2.091,0.72,0.64
2.092,0.64,0.72
2.093,0.64,0.64
2.094,0.72,0.72
2.095,0.64,0.64
2.096,0.64,0.64
2.097,0.64,0.64
2.098,0.72,0.64
2.099,0.64,0.64
2.1,0.72,0.56
2.101,0.72,0.64
2.102,0.72,0.64
2.103,0.64,0.64
2.104,0.64,0.64
2.105,0.64,0.56
2.106,0.64,0.64
2.107,0.72,0.64
2.108,0.64,0.72
2.109,0.64,0.72
2.11,0.64,0.72
2.111,0.64,0.72
2.112,0.64,0.64
2.113,0.72,0.72
2.114,0.72,0.64
2.115,0.64,0.64
2.116,0.72,0.64
2.117,0.64,0.64
2.118,0.56,0.64
2.119,0.72,0.64
2.12,0.64,0.64
2.121,0.64,0.64
2.122,0.64,0.64
2.123,0.72,0.64
2.124,0.72,0.64
2.125,0.72,0.64
2.126,0.64,0.64
2.127,0.64,0.64
2.128,0.72,0.64
2.129,0.72,0.64
2.13,0.64,0.64
2.131,0.72,0.64
2.132,0.64,0.64
2.133,0.72,0.64
2.134,0.72,0.64
2.135,0.72,0.72
2.136,0.72,0.64
2.137,0.72,0.72
2.138,0.64,0.64
2.139,0.72,0.64
2.14,0.64,0.72
2.141,0.72,0.64
2.142,0.64,0.64
2.143,0.72,0.64
2.144,0.64,0.64
2.145,0.64,0.64
2.146,0.72,0.72
2.147,0.72,0.64
2.148,0.64,0.72
2.149,0.72,0.64
2.15,0.64,0.64
2.151,0.64,0.64
2.152,0.64,0.64
2.153,0.72,0.64
2.154,0.72,0.64
2.155,0.64,0.72
2.156,0.64,0.64
2.157,0.64,0.56
2.158,0.64,0.72
2.159,0.64,0.64
2.16,0.64,0.56
2.161,0.72,0.72
2.162,0.64,0.64
2.163,0.64,0.64
2.164,0.72,0.64
2.165,0.64,0.64
2.166,0.72,0.64
2.167,0.72,0.72
2.168,0.72,0.64
2.169,0.72,0.72
2.17,0.72,0.64
2.171,0.64,0.72
2.172,0.64,0.72
2.173,0.64,0.64
2.174,0.72,0.64
2.175,0.64,0.72
2.176,0.64,0.64
2.177,0.64,0.64
2.178,0.64,0.64
2.179,0.64,0.64
2.18,0.64,0.64
2.181,0.64,0.64
2.182,0.64,0.64
2.183,0.64,0.64
2.184,0.64,0.64
2.185,0.72,0.64
2.186,0.64,0.64
2.187,0.64,0.64
2.188,0.64,0.64
2.189,0.72,0.64
2.19,0.64,0.64
2.191,0.64,0.64
2.192,0.72,0.64
2.193,0.64,0.64
2.194,0.72,0.56
2.195,0.64,0.64
2.196,0.64,0.56
2.197,0.64,0.64
2.198,0.64,0.56
2.199,0.64,0.64
2.2,0.64,0.64
2.201,0.72,0.56
2.202,0.64,0.64
2.203,0.72,0.64
2.204,0.64,0.64
2.205,0.64,0.64
2.206,0.64,0.64
2.207,0.72,0.64
2.208,0.64,0.64
2.209,0.64,0.64
2.21,0.64,0.64
2.211,0.64,0.64
2.212,0.56,0.64
2.213,0.72,0.64
2.214,0.64,0.64
2.215,0.72,0.64
2.216,0.72,0.64
2.217,0.64,0.64
2.218,0.72,0.64
2.219,0.64,0.64
2.22,0.72,0.64
2.221,0.72,0.64
2.222,0.64,0.64
2.223,0.64,0.64
2.224,0.72,0.64
2.225,0.72,0.72
2.226,0.72,0.64
2.227,0.72,0.64
2.228,0.72,0.64
2.229,0.64,0.64
2.23,0.64,0.64
2.231,0.72,0.64
2.232,0.72,0.56
2.233,0.72,0.64
2.234,0.64,0.56
2.235,0.72,0.64
2.236,0.64,0.72
2.237,0.72,0.56
2.238,0.64,0.72
2.239,0.64,0.64
2.24,0.72,0.64
2.241,0.64,0.64
2.242,0.64,0.64
2.243,0.72,0.72
2.244,0.64,0.64
2.245,0.72,0.64
2.246,0.64,0.64
2.247,0.72,0.64
2.248,0.64,0.56
2.249,0.72,0.64
2.25,0.64,0.64
2.251,0.72,0.64
2.252,0.64,0.64
2.253,0.72,0.72
2.254,0.72,0.56
2.255,0.72,0.64
2.256,0.72,0.64
2.257,0.64,0.64
2.258,0.72,0.64
2.259,0.72,0.64
2.26,0.72,0.72
2.261,0.64,0.64
2.262,0.72,0.64
2.263,0.72,0.64
2.264,0.64,0.64
2.265,0.72,0.56
2.266,0.64,0.64
2.267,0.64,0.64
2.268,0.72,0.64
2.269,0.72,0.64
2.27,0.72,0.64
2.271,0.64,0.64
2.272,0.64,0.64
2.273,0.64,0.64
2.274,0.64,0.64
2.275,0.72,0.64
2.276,0.72,0.64
2.277,0.64,0.64
2.278,0.72,0.64
2.279,0.72,0.72
2.28,0.72,0.64
2.281,0.72,0.64
2.282,0.72,0.64
2.283,0.64,0.64
2.284,0.72,0.64
2.285,0.64,0.64
2.286,0.64,0.64
2.287,0.64,0.64
2.288,0.72,0.64
2.289,0.64,0.64
2.29,0.72,0.64
2.291,0.72,0.64
2.292,0.72,0.64
2.293,0.72,0.64
2.294,0.64,0.64
2.295,0.64,0.64
2.296,0.72,0.64
2.297,0.72,0.64
2.298,0.64,0.64
2.299,0.72,0.64
2.3,0.64,0.64
2.301,0.64,0.72
2.302,0.64,0.64
2.303,0.72,0.64
2.304,0.64,0.64
2.305,0.64,0.64
2.306,0.64,0.64
2.307,0.64,0.64
2.308,0.64,0.64
2.309,0.64,0.64
2.31,0.72,0.64
2.311,0.72,0.72
2.312,0.64,0.64
2.313,0.64,0.64
2.314,0.72,0.64
2.315,0.64,0.64
2.316,0.72,0.64
2.317,0.72,0.64
2.318,0.72,0.64
2.319,0.72,0.64
2.32,0.64,0.64
2.321,0.64,0.64
2.322,0.64,0.64
2.323,0.64,0.72
2.324,0.72,0.64
2.325,0.64,0.64
2.326,0.72,0.64
2.327,0.72,0.64
2.328,0.64,0.64
2.329,0.64,0.64
2.33,0.64,0.64
2.331,0.72,0.64
2.332,0.72,0.64
2.333,0.64,0.64
2.334,0.72,0.72
2.335,0.64,0.64
2.336,0.72,0.72
2.337,0.64,0.64
2.338,0.72,0.64
2.339,0.72,0.64
2.34,0.72,0.64
2.341,0.72,0.64
2.342,0.64,0.64
2.343,0.72,0.64
2.344,0.72,0.64
2.345,0.64,0.64
2.346,0.64,0.64
2.347,0.72,0.64
2.348,0.64,0.64
2.349,0.72,0.64
2.35,0.64,0.64
2.351,0.64,0.64
2.352,0.72,0.64
2.353,0.64,0.64
2.354,0.64,0.64
2.355,0.64,0.64
2.356,0.72,0.64
2.357,0.64,0.64
2.358,0.72,0.64
2.359,0.64,0.72
2.36,0.64,0.64
2.361,0.72,0.64
2.362,0.72,0.64
2.363,0.64,0.64
2.364,0.72,0.64
2.365,0.64,0.64
2.366,0.64,0.64
2.367,0.64,0.64
2.368,0.72,0.64
2.369,0.64,0.64
2.37,0.72,0.64
2.371,0.72,0.72
2.372,0.72,0.56
2.373,0.72,0.64
2.374,0.64,0.64
2.375,0.64,0.64
2.376,0.56,0.64
2.377,0.64,0.72
2.378,0.72,0.64
2.379,0.72,0.64
2.38,0.72,0.64
2.381,0.64,0.64
2.382,0.72,0.64
2.383,0.64,0.64
2.384,0.64,0.72
2.385,0.72,0.72
2.386,0.72,0.64
2.387,0.72,0.64
2.388,0.64,0.64
2.389,0.72,0.64
2.39,0.72,0.64
2.391,0.72,0.64
2.392,-10.32,-10.24
2.393,-10.32,-10.24
2.394,-10.32,-10.24
2.395,-10.32,-10.24
2.396,-10.32,-10.24
2.397,-10.32,-10.24
2.398,-10.32,-10.24
2.399,-10.32,-10.24
2.4,-10.32,-10.24
2.401,-10.32,-10.24
2.402,-10.32,-10.24
2.403,-10.32,-10.24
2.404,-10.32,-10.24
2.405,-10.32,-10.24
2.406,-10.32,-10.24
2.407,-10.32,-10.24
2.408,-10.32,-10.24
2.409,-10.32,-10.24
2.41,-10.32,-10.24
2.411,-10.32,-10.24
2.412,-10.32,-10.24
2.413,-10.32,-10.24
2.414,-10.32,-10.24
2.415,-10.32,-10.24
2.416,-10.32,-10.24
2.417,-10.32,-10.24
2.418,-10.32,-10.24
2.419,-10.32,-10.24
2.42,-10.32,-10.24
2.421,-10.32,-10.24
2.422,-10.32,-10.24
2.423,-10.32,-10.24
2.424,-10.32,-10.24
2.425,-10.32,-10.24
2.426,-10.32,-10.24
2.427,-10.32,-10.24
2.428,-10.32,-10.24
2.429,-10.32,-10.24
2.43,-10.32,-10.24
2.431,-10.32,-10.24
2.432,-10.32,-10.24
2.433,-10.32,-10.24
2.434,-10.32,-10.24
2.435,-10.32,-10.24
2.436,-10.32,-10.24
2.437,-10.32,-10.24
2.438,-10.32,-10.24
2.439,-10.32,-10.24
2.44,-10.32,-10.24
2.441,-10.32,-10.24
2.442,-10.32,-10.24
2.443,-10.32,-10.24
2.444,-10.32,-10.24
2.445,-10.32,-10.24
2.446,-10.32,-10.24
2.447,-10.32,-10.24
2.448,-10.32,-10.24
2.449,-10.32,-10.24
2.45,-10.32,-10.24
2.451,-10.32,-10.24
2.452,-10.32,-10.24
2.453,-10.32,-10.24
2.454,-10.32,-10.24
2.455,-10.32,-10.24
2.456,-10.32,-10.24
2.457,-10.32,-10.24
2.458,-10.32,-10.24
2.459,-10.32,-10.24
2.46,-10.32,-10.24
2.461,-10.32,-10.24
2.462,-10.32,-10.24
2.463,-10.32,-10.24
2.464,-10.32,-10.24
2.465,-10.32,-10.24
2.466,-10.32,-10.24
2.467,-10.32,-10.24
2.468,-10.32,-10.24
2.469,-10.32,-10.24
2.47,-10.32,-10.24
2.471,-10.32,-10.24
2.472,-10.32,-10.24
2.473,-10.32,-10.24
2.474,-10.32,-10.24
2.475,-10.32,-10.24
2.476,-10.32,-10.24
2.477,-10.32,-10.24
2.478,-10.32,-10.24
2.479,-10.32,-10.24
2.48,-10.32,-10.24
2.481,-10.32,-10.24
2.482,-10.32,-10.24
2.483,-10.32,-10.24
2.484,-10.32,-10.24
2.485,-10.32,-10.24
2.486,-10.32,-10.24
2.487,-10.32,-10.24
2.488,-10.32,-10.24
2.489,-10.32,-10.24
2.49,-10.32,-10.24
2.491,-10.32,-10.24
2.492,-10.32,-10.24
2.493,-10.32,-10.24
2.494,-10.32,-10.24
2.495,-10.32,-10.24
2.496,-10.32,-10.24
2.497,-10.32,-10.24
2.498,-10.32,-10.24
2.499,-10.32,-10.24